longitude,latitude,annual_mean_temperature,mean_diurnal_range,isothermality,temperature_seasonality,max_temperature_warmest_month,min_temperature_coldest_month,temperature_annual_range,mean_temperature_wettest_quarter,mean_temperature_driest_quarter,mean_temperature_warmest_quarter,mean_temperature_coldest_quarter,annual_precipitation,precipitation_wettest_month,precipitation_driest_month,precipitation_seasonality,precipitation_wettest_quarter,precipitation_driest_quarter,precipitation_warmest_quarter,precipitation_coldest_quarter,aridity_index,topsoil_ph,subsoil_ph,topsoil_texture,subsoil_texture,elevation
79.48,30.73,0.0,1.0,0.0,1.0,0.0,0.0,1.0,0.0,0.0,0.0,0.0,0.08167628821894377,0.021176470588235293,0.7333333333333333,0.17592592592592593,0.04252577319587629,0.8984375,0.4538152610441767,0.06353135313531354,0.33773772244710915,1.0,0.0,1.0,0.0,1.0
78.37,32.98,0.0,1.0,0.0,1.0,0.0,0.0,1.0,0.0,0.0,0.0,0.0,0.0,0.0,0.16666666666666666,0.027777777777777776,0.0,0.1953125,0.0050200803212851405,0.011001100110011002,0.0,1.0,0.0,1.0,0.0,1.0
77.55,32.88,0.03715170278637771,0.7945205479452054,0.0,0.9524452850580925,0.0,0.049107142857142856,0.9084249084249084,0.022935779816513763,0.04851752021563342,0.021367521367521368,0.03614457831325301,0.017313546423135463,0.0016189962223421479,0.26666666666666666,0.0,0.005219454329774615,0.2890625,0.018072289156626505,0.018151815181518153,0.0348272512834744,0.8684210509804807,0.9333333333333333,1.0,0.75,0.9948051948051948
77.67,34.0,0.32507739938080493,1.0,0.08108108108108109,1.0,0.509009009009009,0.20758928571428573,1.0,0.0,0.2722371967654987,0.4444444444444444,0.22650602409638554,0.0,0.0,0.13333333333333333,0.03389830508474576,0.0,0.1484375,0.0,0.012651265126512651,0.0,0.8684210509804807,0.9333333333333333,1.0,0.75,0.6675324675324675
76.45,34.38,0.16408668730650156,0.6097560975609756,0.0,1.0,0.3063063063063063,0.08482142857142858,1.0,0.0,0.14824797843665768,0.2905982905982906,0.05542168674698795,0.006034320196115406,0.004810261892036344,0.13333333333333333,0.059322033898305086,0.003063147973609802,0.171875,0.001932367149758454,0.014301430143014302,0.015639405839166808,0.8684210509804807,0.9333333333333333,1.0,0.75,0.7334665334665335
77.5,31.25,0.4055727554179567,0.34146341463414637,0.18181818181818182,0.48556231003039513,0.27927927927927926,0.41517857142857145,0.4866666666666667,0.6446700507614214,0.39892183288409705,0.358974358974359,0.39036144578313253,0.2132755044314539,0.12185996793158739,0.7,0.1694915254237288,0.12935909519321395,1.0,0.48792270531400966,0.06628162816281628,0.27618234591087587,0.6578947450975964,0.6799999872843424,1.0,0.25,0.5922077922077922
78.33,33.05,0.034055727554179564,0.9024390243902439,0.20454545454545456,0.808727746417716,0.06306306306306306,0.020089285714285716,0.9166666666666666,0.4746192893401015,0.026954177897574125,0.04700854700854701,0.021686746987951807,0.00792004525740147,0.0074826296098343134,0.16666666666666666,0.059322033898305086,0.005419415645617342,0.18796992481203006,0.035748792270531404,0.011276127612761276,0.01481987365545501,1.0,0.0,0.6666666666666666,0.0,0.99000999000999
75.77,34.43,0.2043343653250774,0.3170731707317073,0.0,1.0,0.38288288288288286,0.11607142857142858,1.0,0.11928934010152284,0.18598382749326145,0.3974358974358974,0.05060240963855422,0.05940033943051103,0.03367183324425441,0.4,0.1271186440677966,0.033930254476908575,0.41353383458646614,0.04154589371980676,0.03712871287128713,0.13348130442205908,1.0,0.0,0.6666666666666666,0.0,0.618981018981019
77.25,32.97,0.10835913312693499,0.6707317073170732,0.24,0.6728335889570553,0.08558558558558559,0.10491071428571429,0.7986798679867987,0.027918781725888325,0.11590296495956873,0.1111111111111111,0.0891566265060241,0.03281161606637752,0.010689470871191877,0.3,0.0,0.011310084825636193,0.3082706766917293,0.0463768115942029,0.022277227722772276,0.06996756018439475,0.8684210509804807,0.9333333333333333,0.6666666666666666,0.75,0.8691308691308691
77.6,34.14,0.29721362229102166,1.0,0.3,0.750191717791411,0.49099099099099097,0.18526785714285715,0.976897689768977,0.6903553299492385,0.25067385444743934,0.41025641025641024,0.20240963855421687,0.0,0.0,0.1,0.04132231404958678,0.0,0.10526315789473684,0.0,0.008525852585258526,0.0,1.0,0.0,0.6666666666666666,0.0,0.7040959040959041
78.27,33.02,0.09597523219814241,0.8809523809523809,0.3,0.698907208588957,0.13963963963963963,0.06919642857142858,0.8910891089108911,0.5177664974619289,0.08086253369272237,0.11965811965811966,0.0746987951807229,0.019651880965749578,0.008528784648187633,0.2,0.01652892561983471,0.009150633505396527,0.21052631578947367,0.03188405797101449,0.014026402640264026,0.023917763604288236,1.0,0.0,0.6666666666666666,0.0,0.9064935064935065
78.23,33.22,0.04024767801857585,0.8809523809523809,0.3,0.7219133435582822,0.07657657657657657,0.022321428571428572,0.9141914191419142,0.4796954314720812,0.03234501347708895,0.05555555555555555,0.024096385542168676,0.01104248549504024,0.007462686567164179,0.16666666666666666,0.06611570247933884,0.00680431722196152,0.17293233082706766,0.02608695652173913,0.009900990099009901,0.01808250780295834,1.0,0.0,0.6666666666666666,0.0,0.9854145854145854
77.18,33.28,0.14551083591331268,0.6904761904761905,0.24,0.7037960122699386,0.17117117117117117,0.11830357142857142,0.8415841584158416,0.048223350253807105,0.14555256064690028,0.1794871794871795,0.10602409638554217,0.029009919520868427,0.011194029850746268,0.26666666666666666,0.01652892561983471,0.012435476302205537,0.2556390977443609,0.02318840579710145,0.019251925192519254,0.052178043153752206,0.8684210509804807,0.9333333333333333,0.6666666666666666,0.75,0.8053946053946054
78.36,32.7,0.09597523219814241,0.8571428571428571,0.32,0.6755176380368099,0.11711711711711711,0.08035714285714286,0.858085808580858,0.5101522842639594,0.0862533692722372,0.1111111111111111,0.08433734939759036,0.03181733108740408,0.014392324093816631,0.26666666666666666,0.04132231404958678,0.015485687470671047,0.2781954887218045,0.05507246376811594,0.018426842684268425,0.038268421766861176,1.0,0.0,0.6666666666666666,0.0,0.9054945054945055
75.43,34.25,0.15170278637770898,0.30952380952380953,0.04,0.8821894171779141,0.22522522522522523,0.11160714285714286,0.8910891089108911,0.26649746192893403,0.15363881401617252,0.26495726495726496,0.04819277108433735,0.08104061388732922,0.031982942430703626,0.5,0.049586776859504134,0.039652745190051616,0.46616541353383456,0.08985507246376812,0.034928492849284926,0.23639571176550414,1.0,0.0,0.6666666666666666,0.0,0.660939060939061
76.79,34.41,0.2755417956656347,0.75,0.18,0.8741372699386503,0.481981981981982,0.15178571428571427,1.0,0.09898477157360407,0.41778975741239893,0.44017094017094016,0.14457831325301204,0.012165450121654502,0.009594882729211088,0.13333333333333333,0.17355371900826447,0.009385265133740028,0.16541353383458646,0.0,0.016226622662266228,0.00997421631157552,0.8684210509804807,0.9333333333333333,0.6666666666666666,0.75,0.673926073926074
77.59,33.03,0.17027863777089783,0.7380952380952381,0.28,0.6727377300613497,0.1891891891891892,0.13839285714285715,0.8090614886731392,0.08121827411167512,0.15902964959568733,0.19658119658119658,0.13493975903614458,0.03705783267827063,0.013859275053304905,0.3,0.024793388429752067,0.015954950727358048,0.2932330827067669,0.0393852065321806,0.022552255225522552,0.05224589496539558,0.8684210509804807,0.9333333333333333,0.6666666666666666,0.75,0.8353646353646353
81.173004,23.5863,0.891640866873065,0.9404761904761905,0.4,0.4398006134969325,1.0,0.6808035714285714,0.7734627831715211,0.9670050761421319,1.0,1.0,0.7783132530120482,0.19258843346434587,0.1865671641791045,0.13333333333333333,0.8347107438016529,0.2064758329422806,0.21052631578947367,0.0845341018251681,0.013751375137513752,0.1649138281992129,1.0,1.0,1.0,0.25,0.08811188811188811
76.1,34.57,0.2260061919504644,0.5,0.06,0.9758435582822086,0.354014598540146,0.11160714285714286,1.0,0.015228426395939087,0.39361702127659576,0.39285714285714285,0.0746987951807229,0.031068688002994574,0.021321961620469083,0.2,0.19008264462809918,0.02041295166588456,0.23308270676691728,0.012487992315081652,0.024477447744774478,0.056181300040711084,0.9620252927704667,0.0,0.6666666666666666,0.0,0.6919080919080919
75.97,34.3,0.26625386996904027,0.44047619047619047,0.06,0.9652990797546013,0.3759124087591241,0.14955357142857142,0.9652996845425867,0.048223350253807105,0.42819148936170215,0.43253968253968256,0.10602409638554217,0.06307317986150103,0.03837953091684435,0.36666666666666664,0.18181818181818182,0.038244955419990616,0.39849624060150374,0.03650336215177714,0.03905390539053905,0.12084407653684354,0.9620252927704667,0.0,0.6666666666666666,0.0,0.5962037962037962
78.37,33.05,0.0,0.8571428571428571,0.28,0.7200920245398773,0.0,0.0,0.8706624605678234,0.4137055837563452,0.0,0.0,0.0,0.01403705783267827,0.012260127931769723,0.16666666666666666,0.17355371900826447,0.010793054903801032,0.18045112781954886,0.04803073967339097,0.009625962596259627,0.02544442936626408,0.9620252927704667,0.0,0.6666666666666666,0.0,1.0
75.22,33.52,0.5029585798816568,0.5476190476190477,0.26,0.6511694785276073,0.45422535211267606,0.4224137931034483,0.6593059936908517,0.44416243654822335,0.45012787723785164,0.5735849056603773,0.3990719257540603,0.18547632416245555,0.07729211087420043,1.0,0.03305785123966942,0.08517128108869075,0.9924812030075187,0.1978866474543708,0.08003300330033003,0.3195481069344551,0.8354430158175333,0.8641974901647925,0.6666666666666666,0.75,0.40458593898048134
74.38,34.05,0.3727810650887574,0.39285714285714285,0.18,0.6700536809815951,0.30985915492957744,0.3426724137931034,0.6466876971608833,0.44923857868020306,0.35038363171355497,0.4226415094339623,0.29466357308584684,0.1753696425229272,0.06556503198294243,0.8787878787878788,0.03305785123966942,0.07766306898169874,0.8646616541353384,0.26512968299711814,0.059130913091309134,0.3196498846519202,0.9620252927704667,0.0,0.6666666666666666,0.0,0.5169603941633504
77.23,32.35,0.3106508875739645,0.5238095238095238,0.28,0.5653757668711656,0.19014084507042253,0.29094827586206895,0.6151419558359621,0.29441624365482233,0.29923273657289,0.2943396226415094,0.27842227378190254,0.11940857196331649,0.04957356076759062,0.5757575757575758,0.04132231404958678,0.05326137963397466,0.6541353383458647,0.1335254562920269,0.052805280528052806,0.17183471298683675,0.8354430158175333,0.8641974901647925,0.6666666666666666,0.75,0.6480955088118249
78.26,33.1,0.09467455621301775,0.8690476190476191,0.3,0.7105061349693251,0.1056338028169014,0.06896551724137931,0.8643533123028391,0.4873096446700508,0.0792838874680307,0.11320754716981132,0.07424593967517401,0.014972861688190155,0.00906183368869936,0.15151515151515152,0.05785123966942149,0.008681370248709526,0.18796992481203006,0.03650336215177714,0.01155115511551155,0.02320531958203284,0.9620252927704667,0.0,0.6666666666666666,0.0,0.8988061398521887
78.22,32.78,0.12130177514792899,0.8333333333333334,0.3,0.6802147239263804,0.10915492957746478,0.09913793103448276,0.8233438485804416,0.49746192893401014,0.10741687979539642,0.12830188679245283,0.10208816705336426,0.02994572337638031,0.013859275053304905,0.21212121212121213,0.049586776859504134,0.015016424213984044,0.2631578947368421,0.05763688760806916,0.0176017601760176,0.036775681910707014,0.8354430158175333,0.8641974901647925,0.6666666666666666,0.75,0.8787189691112375
78.42,33.05,0.0,0.8214285714285714,0.26,0.7199961656441718,0.0,0.0,0.8643533123028391,0.3477157360406091,0.0,0.0,0.0,0.015347183230394908,0.015458422174840085,0.15151515151515152,0.2396694214876033,0.01337400281557954,0.18045112781954886,0.05859750240153699,0.0088008800880088,0.035011534807979375,0.9620252927704667,0.0,0.6666666666666666,0.0,1.0
78.29,33.02,0.1978021978021978,0.8809523809523809,0.3,0.7000575153374233,0.21864951768488747,0.147239263803681,0.8517350157728707,0.5177664974619289,0.16826923076923078,0.23024054982817868,0.15789473684210525,0.01909039865244245,0.008528784648187633,0.18181818181818182,0.04132231404958678,0.008916001877053027,0.21052631578947367,0.03650336215177714,0.014026402640264026,0.022730356900529245,0.9620252927704667,0.0,0.6666666666666666,0.0,0.8019611276483978
77.13,32.17,0.5631868131868132,0.42857142857142855,0.28,0.4715299079754601,0.4630225080385852,0.5112474437627812,0.5299684542586751,0.7411167512690355,0.5240384615384616,0.5567010309278351,0.5043859649122807,0.33164888639341195,0.19669509594882728,0.8787878787878788,0.23140495867768596,0.20154856874706711,1.0,0.7694524495677233,0.09268426842684269,0.30434930112634007,0.8354430158175333,0.8641974901647925,0.6666666666666666,0.75,0.4183155314305726
77.33,34.67,0.4175824175824176,0.9285714285714286,0.24,0.8425996932515337,0.5434083601286174,0.25766871165644173,1.0,0.1751269035532995,0.5048076923076923,0.5532646048109966,0.27631578947368424,0.0005614823133071309,0.0026652452025586353,0.09090909090909091,0.15702479338842976,0.0028155795401220087,0.07865168539325842,0.0,0.011001100110011002,0.0,0.9620252927704667,0.0,0.6666666666666666,0.0,0.5349325862370863
75.17,33.0,0.695054945054945,0.6309523809523809,0.32,0.5443826687116564,0.6913183279742765,0.5807770961145194,0.6466876971608833,0.8781725888324873,0.6201923076923077,0.7491408934707904,0.5877192982456141,0.19708029197080293,0.08368869936034115,0.7575757575757576,0.09917355371900827,0.09338338808071328,0.6966292134831461,0.3587059942911513,0.08085808580858085,0.2657373341884092,0.8607595074236,0.8888888234791309,1.0,0.25,0.2370863246366661
79.43,29.37,0.6181318681318682,0.5595238095238095,0.42,0.3548696319018405,0.5016077170418006,0.5685071574642127,0.4794952681388013,0.7411167512690355,0.5168269230769231,0.570446735395189,0.5789473684210527,0.35523114355231145,0.31929637526652455,0.18181818181818182,0.6363636363636364,0.31299859221022996,0.601123595505618,0.8420551855375833,0.04097909790979098,0.38849697910689573,0.6329113847646667,0.6296295882034496,1.0,0.25,0.28401330765189986
76.22,33.33,0.45604395604395603,0.5,0.2,0.6825153374233128,0.41479099678456594,0.36809815950920244,0.7034700315457413,0.24619289340101522,0.4206730769230769,0.5189003436426117,0.35526315789473684,0.14336515066442074,0.06130063965884861,0.6363636363636364,0.05785123966942149,0.0692163303613327,0.5674157303370787,0.17126546146527116,0.06903190319031903,0.23114051372059272,0.9620252927704667,0.0,0.6666666666666666,0.0,0.47890036771143407
79.33,30.25,0.5961538461538461,0.4880952380952381,0.4,0.37576687116564417,0.4662379421221865,0.5644171779141104,0.45110410094637227,0.733502538071066,0.5528846153846154,0.5567010309278351,0.5592105263157895,0.25603593486805165,0.18336886993603413,0.48484848484848486,0.4049586776859504,0.19099014547160958,0.6629213483146067,0.5128449096098954,0.057755775577557754,0.3901171228946569,0.6329113847646667,0.6296295882034496,1.0,0.25,0.35773069514971106
76.52,34.6,0.3708791208791209,0.6904761904761905,0.14,0.9325153374233128,0.5016077170418006,0.21881390593047034,1.0,0.08883248730964467,0.4879807692307692,0.5326460481099656,0.2149122807017544,0.015721504772599662,0.014392324093816631,0.12121212121212122,0.24793388429752067,0.01360863444392304,0.11235955056179775,0.005708848715509039,0.019251925192519254,0.025145981705876397,0.8354430158175333,0.8641974901647925,0.6666666666666666,0.75,0.49465942917177375
78.38,32.73,0.11263736263736264,0.8333333333333334,0.3,0.6920053680981595,0.11254019292604502,0.08997955010224949,0.8204334365325078,0.43908629441624364,0.0985576923076923,0.12371134020618557,0.09429824561403509,0.02582818641212802,0.017057569296375266,0.18181818181818182,0.1487603305785124,0.01665884561238855,0.17415730337078653,0.07611798287345385,0.014026402640264026,0.03945725183110001,0.9620252927704667,0.0,0.6666666666666666,0.0,0.8856592540710909
76.56,34.58,0.3434065934065934,0.6785714285714286,0.14,0.9203412576687117,0.4630225080385852,0.20449897750511248,0.9845201238390093,0.06852791878172589,0.46153846153846156,0.49140893470790376,0.19517543859649122,0.012726932434961633,0.011194029850746268,0.12121212121212122,0.18181818181818182,0.010323791647114031,0.11235955056179775,0.008563273073263558,0.0165016501650165,0.02187194113477571,0.8354430158175333,0.8641974901647925,0.6666666666666666,0.75,0.5599719838907372
78.38,32.87,0.16758241758241757,0.8690476190476191,0.3,0.6990030674846626,0.1832797427652733,0.12678936605316973,0.8328173374613003,0.49238578680203043,0.14182692307692307,0.1958762886597938,0.13596491228070176,0.02208497099008048,0.012260127931769723,0.18181818181818182,0.06611570247933884,0.012200844673862036,0.16853932584269662,0.058991436726926735,0.014301430143014302,0.028926317210652447,0.9620252927704667,0.0,0.6666666666666666,0.0,0.8212222027665907
78.36,32.93,0.15934065934065933,0.8690476190476191,0.3,0.7041794478527608,0.17684887459807075,0.11860940695296524,0.8390092879256966,0.4873096446700508,0.1346153846153846,0.18900343642611683,0.12719298245614036,0.01909039865244245,0.011194029850746268,0.18181818181818182,0.08264462809917356,0.011027686532144533,0.15730337078651685,0.05423406279733587,0.012926292629262925,0.026833631484794274,0.9620252927704667,0.0,0.6666666666666666,0.0,0.8226230082297321
77.13,34.3,0.31043956043956045,0.8452380952380952,0.24,0.8185391104294478,0.40192926045016075,0.19631901840490798,0.9380804953560371,0.07868020304568528,0.2668269230769231,0.40893470790378006,0.20175438596491227,0.0013101253977166386,0.0,0.09090909090909091,0.049586776859504134,0.0004692632566870014,0.08426966292134831,0.011417697431018078,0.00935093509350935,0.009147061801734904,0.9620252927704667,0.0,0.6666666666666666,0.0,0.6305375590964805
75.47,34.27,0.22252747252747251,0.32142857142857145,0.04,0.875191717791411,0.2540192926045016,0.16973415132924335,0.8359133126934984,0.2436548223350254,0.21153846153846154,0.3161512027491409,0.11842105263157894,0.06700355605465094,0.026119402985074626,0.3939393939393939,0.04132231404958678,0.031909901454716096,0.30337078651685395,0.08848715509039011,0.029977997799779978,0.15050460728389645,0.0,0.0,0.0,0.0,0.6564524601645947
78.25,33.12,0.11813186813186813,0.8571428571428571,0.28,0.7164493865030674,0.13504823151125403,0.08588957055214724,0.848297213622291,0.4517766497461929,0.10096153846153846,0.140893470790378,0.08991228070175439,0.013101253977166386,0.009594882729211088,0.15151515151515152,0.09917355371900827,0.008916001877053027,0.12921348314606743,0.048525214081826834,0.010176017601760175,0.028352516285820365,0.9620252927704667,0.0,0.6666666666666666,0.0,0.8660479775871126
78.34,32.98,0.18406593406593408,0.8809523809523809,0.3,0.7001533742331288,0.2057877813504823,0.13701431492842536,0.8390092879256966,0.5076142131979695,0.15625,0.21649484536082475,0.14692982456140352,0.01909039865244245,0.009594882729211088,0.18181818181818182,0.049586776859504134,0.009854528390427029,0.15730337078651685,0.049476688867745006,0.013476347634763476,0.02730617342289128,0.9620252927704667,0.0,0.6666666666666666,0.0,0.8129924706706356
76.02,32.53,0.5384615384615384,0.42857142857142855,0.26,0.4888803680981595,0.4405144694533762,0.48261758691206547,0.541795665634675,0.7208121827411168,0.5120192307692307,0.5292096219931272,0.4780701754385965,0.28448437207561295,0.1668443496801706,0.7272727272727273,0.256198347107438,0.18254340685124354,0.8089887640449438,0.6698382492863939,0.09075907590759076,0.4385864245451784,0.8607595074236,0.8888888234791309,1.0,0.25,0.43792680791455085
78.28,31.6,0.48626373626373626,0.5119047619047619,0.34,0.4747891104294479,0.3729903536977492,0.45194274028629855,0.5232198142414861,0.3553299492385787,0.44711538461538464,0.47079037800687284,0.4451754385964912,0.12521055586749016,0.05277185501066098,0.6060606060606061,0.06611570247933884,0.06288127639605819,0.6460674157303371,0.10371075166508087,0.06490649064906491,0.23036419482229048,0.9620252927704667,0.0,0.6666666666666666,0.0,0.5267028541411312
77.53,33.48,0.2087912087912088,0.7857142857142857,0.26,0.7214340490797546,0.2315112540192926,0.1554192229038855,0.8359133126934984,0.5329949238578681,0.1875,0.24742268041237114,0.15570175438596492,0.011416807037244993,0.0026652452025586353,0.15151515151515152,0.0,0.003988737681839512,0.12921348314606743,0.02664129400570885,0.011826182618261826,0.02858878725486887,0.9620252927704667,0.0,0.6666666666666666,0.0,0.7718438101908598
78.96,20.59,0.9725274725274725,0.8928571428571429,0.46,0.3353144171779141,1.0,0.8077709611451943,0.6377708978328174,0.9822335025380711,0.8197115384615384,1.0,0.8859649122807017,0.20101066816395283,0.17803837953091683,0.18181818181818182,0.7459016393442623,0.1994368840919756,0.1404494382022472,0.16745956232159848,0.006600660066006601,0.16738110507307524,1.0,1.0,1.0,0.25,0.04535107686919979
77.05,32.55,0.3159340659340659,0.5357142857142857,0.26,0.5956671779141104,0.22018348623853212,0.28629856850715746,0.6377708978328174,0.14974619289340102,0.30288461538461536,0.2996742671009772,0.2741228070175439,0.0948905109489051,0.039445628997867806,0.48484848484848486,0.04918032786885246,0.04223369310183012,0.398876404494382,0.11417697431018078,0.04372937293729373,0.142437641340669,0.8354430158175333,0.8641974901647925,0.6666666666666666,0.75,0.6272106461215199
74.87,34.15,0.5961538461538461,0.8214285714285714,0.34,0.6850076687116564,0.6269113149847095,0.49284253578732107,0.7368421052631579,0.6294416243654822,0.5096153846153846,0.6742671009771987,0.47368421052631576,0.10424854950402396,0.046908315565031986,0.7272727272727273,0.06557377049180328,0.05466916940403566,0.5449438202247191,0.11322549952426261,0.04317931793179318,0.17092516960880277,0.8354430158175333,0.8641974901647925,0.6666666666666666,0.75,0.27981089126247594
77.85,30.75,0.5357142857142857,0.2976190476190476,0.3,0.3869823619631902,0.3516819571865443,0.5276073619631901,0.4055727554179567,0.6852791878172588,0.5096153846153846,0.4592833876221498,0.5087719298245614,0.2519183979037994,0.1689765458422175,0.5454545454545454,0.3770491803278688,0.18653214453308306,0.7359550561797753,0.4519505233111323,0.0638063806380638,0.3590306139669896,0.6329113847646667,0.6296295882034496,1.0,0.25,0.4279460689896691
77.91,33.76,0.28296703296703296,0.9404761904761905,0.3,0.7363880368098159,0.327217125382263,0.19427402862985685,0.8854489164086687,0.6040609137055838,0.23798076923076922,0.3289902280130293,0.20833333333333334,0.004679019277559424,0.0015991471215351812,0.12121212121212122,0.02459016393442623,0.001642421398404505,0.09550561797752809,0.019980970504281638,0.00935093509350935,0.011104735545279644,0.8354430158175333,0.8641974901647925,0.6666666666666666,0.75,0.6604797758711259
76.08,34.33,0.0,0.47619047619047616,0.12,0.799079754601227,0.0,0.0,0.8359133126934984,0.3604060913705584,0.01201923076923077,0.006514657980456026,0.0,0.007673591615197454,0.0021321961620469083,0.15151515151515152,0.00819672131147541,0.00328484279680901,0.12921348314606743,0.024738344433872503,0.00825082508250825,0.046545380902555104,0.8354430158175333,0.8641974901647925,0.6666666666666666,0.75,0.9427420766940992
75.019466,34.129334,0.4196185286103542,0.4642857142857143,0.16,0.7640912576687117,0.4186746987951807,0.3448979591836735,0.7430340557275542,0.4416243654822335,0.37740384615384615,0.48534201954397393,0.3276955602536998,0.17967434025828186,0.07729211087420043,1.0,0.06557377049180328,0.09197559831065227,0.7078651685393258,0.20361560418648905,0.06683168316831684,0.31906706720221417,0.8354430158175333,0.8641974901647925,0.6666666666666666,0.75,0.466993521274733
76.58,33.7,0.2724795640326976,0.5714285714285714,0.16,0.777032208588957,0.28313253012048195,0.2,0.8235294117647058,0.04060913705583756,0.24759615384615385,0.31596091205211724,0.20930232558139536,0.032753134942915964,0.014392324093816631,0.24242424242424243,0.07377049180327869,0.015720319099014547,0.19662921348314608,0.037107516650808754,0.021727172717271728,0.06564957639990548,0.5822784619116667,0.592592588231942,0.6666666666666666,0.4166666666666667,0.7287690421992645
78.19,34.03,0.25340599455040874,1.0,0.3,0.7636119631901841,0.3253012048192771,0.15510204081632653,0.934984520123839,0.583756345177665,0.20192307692307693,0.30293159609120524,0.2029598308668076,0.0,0.0010660980810234541,0.09090909090909091,0.08196721311475409,0.0,0.07303370786516854,0.016175071360608945,0.005500550055005501,0.005771762243899146,0.9620252927704667,0.0,0.6666666666666666,0.0,0.741026090001751
88.63,27.73,0.39509536784741145,0.9047619047619048,0.54,0.43069401840490795,0.23795180722891565,0.3408163265306122,0.5634674922600619,0.6065989847715736,0.2956730769230769,0.32247557003257327,0.4080338266384778,0.12318029115341546,0.07036247334754797,0.15151515151515152,0.32786885245901637,0.08399812294697326,0.15730337078651685,0.362511893434824,0.011276127612761276,0.17149897053363486,0.9620252927704667,0.0,0.6666666666666666,0.0,0.604272456662581
78.78,32.6,0.05722070844686648,0.8690476190476191,0.3,0.69670245398773,0.06325301204819277,0.04285714285714286,0.8359133126934984,0.3883248730964467,0.040865384615384616,0.05211726384364821,0.0824524312896406,0.026502426278462114,0.020788912579957356,0.18181818181818182,0.28688524590163933,0.01923979352416706,0.15730337078651685,0.08848715509039011,0.011276127612761276,0.03817463799912242,0.9620252927704667,0.0,0.6666666666666666,0.0,0.9444930835230257
78.1,30.47,0.6267029972752044,0.3333333333333333,0.3,0.37298696319018404,0.47289156626506024,0.5918367346938775,0.4241486068111455,0.748730964467005,0.5841346153846154,0.5602605863192183,0.5961945031712473,0.39511011571481897,0.35927505330490406,0.36363636363636365,0.7377049180327869,0.3751759737212576,0.6404494382022472,0.8249286393910561,0.04647964796479648,0.45094002092685725,0.6329113847646667,0.6296295882034496,1.0,0.25,0.34792505690772196
78.34,32.96,0.20435967302452315,0.8809523809523809,0.3,0.7005368098159509,0.21987951807228914,0.1469387755102041,0.8390092879256966,0.5177664974619289,0.16826923076923078,0.22149837133550487,0.18816067653276955,0.023329600597237776,0.009594882729211088,0.18181818181818182,0.040983606557377046,0.009854528390427029,0.16292134831460675,0.049476688867745006,0.014576457645764576,0.02818375130792858,0.0,0.0,0.0,0.0,0.8005603221852565
76.61583,11.43917,0.6403269754768393,0.5357142857142857,0.8,0.037864263803680985,0.3855421686746988,0.6673469387755102,0.21981424148606812,0.6700507614213198,0.6418269230769231,0.4560260586319218,0.7167019027484144,0.3512504665920119,0.2340085287846482,0.5757575757575758,0.3360655737704918,0.22524636320976069,0.4101123595505618,0.2721217887725975,0.06408140814081408,0.3012792385324198,0.6329113847646667,0.6419752548606188,0.6666666666666666,0.4166666666666667,0.3733146559271581
78.29,33.11,0.17438692098092642,0.8809523809523809,0.3,0.7117523006134969,0.19879518072289157,0.12244897959183673,0.8544891640866873,0.4949238578680203,0.14182692307692307,0.19218241042345277,0.16279069767441862,0.0169839492347891,0.008528784648187633,0.15151515151515152,0.07377049180327869,0.007977475363679024,0.1348314606741573,0.04376784015223597,0.01155115511551155,0.026563607520167416,0.9620252927704667,0.0,0.6666666666666666,0.0,0.8224479075468394
76.17,34.08,0.13896457765667575,0.4880952380952381,0.12,0.817101226993865,0.1536144578313253,0.09795918367346938,0.8452012383900929,0.48984771573604063,0.13221153846153846,0.17263843648208468,0.09725158562367865,0.015864128406121687,0.004797441364605544,0.12121212121212122,0.06557377049180328,0.005396527451900516,0.12921348314606743,0.023786869647954328,0.011276127612761276,0.04269753940662234,0.9620252927704667,0.0,0.6666666666666666,0.0,0.8178952897916302
78.36,32.9,0.1989100817438692,0.8809523809523809,0.3,0.6991947852760736,0.21385542168674698,0.1469387755102041,0.8328173374613003,0.5126903553299492,0.16346153846153846,0.21498371335504887,0.18604651162790697,0.024822695035460994,0.010660980810234541,0.18181818181818182,0.04918032786885246,0.011027686532144533,0.16853932584269662,0.0532825880114177,0.01485148514851485,0.029398859148749453,0.9620252927704667,0.0,0.6666666666666666,0.0,0.7960077044300473
76.17,32.55,0.5967302452316077,0.4523809523809524,0.28,0.457534509202454,0.48493975903614456,0.5285714285714286,0.5325077399380805,0.7563451776649747,0.5600961538461539,0.5504885993485342,0.547568710359408,0.341545352743561,0.21641791044776118,0.7575757575757576,0.3442622950819672,0.23580478648521822,0.9101123595505618,0.5518553758325404,0.10121012101210121,0.44560704762547676,0.8607595074236,0.8888888234791309,1.0,0.25,0.3663106286114516
75.823409,26.803784,0.9182561307901907,1.0,0.44,0.4929064417177914,0.9367469879518072,0.7081632653061225,0.7244582043343654,1.0,0.7235576923076923,0.9641693811074918,0.7864693446088795,0.09462486002239642,0.10874200426439233,0.09090909090909091,0.9016393442622951,0.10699202252463633,0.07865168539325842,0.22835394862036157,0.004675467546754675,0.07753063084348735,0.8354430158175333,0.8641974901647925,0.6666666666666666,0.75,0.06496235335317807
77.710153,33.913684,0.37329700272479566,0.9529411764705882,0.32,0.7315950920245399,0.42771084337349397,0.2571428571428571,0.8854489164086687,0.16666666666666666,0.31490384615384615,0.42671009771986973,0.3023255813953488,0.009145203434117209,0.0015991471215351812,0.12121212121212122,0.04918032786885246,0.0028155795401220087,0.09550561797752809,0.017126546146527116,0.011276127612761276,0.012387349377257231,0.8354430158175333,0.8641974901647925,0.6666666666666666,0.75,0.6300122570478025
77.95,33.35,0.1907356948228883,0.8470588235294118,0.28,0.7211464723926381,0.21385542168674698,0.1326530612244898,0.8544891640866873,0.5,0.15865384615384615,0.20846905537459284,0.16913319238900634,0.01362448674878686,0.005330490405117271,0.15151515151515152,0.02459016393442623,0.005396527451900516,0.12921348314606743,0.03330161750713606,0.010726072607260726,0.022985789988861513,0.9620252927704667,0.0,0.6666666666666666,0.0,0.8357555594466819
78.33,33.01,0.14986376021798364,0.8588235294117647,0.3,0.7088765337423313,0.16566265060240964,0.10612244897959183,0.8452012383900929,0.4626865671641791,0.1201923076923077,0.15960912052117263,0.14376321353065538,0.019223590892123926,0.010660980810234541,0.18181818181818182,0.10655737704918032,0.01008916001877053,0.14606741573033707,0.05233111322549953,0.01155115511551155,0.027373679414047995,0.9620252927704667,0.0,0.6666666666666666,0.0,0.8523901243214849
78.08,33.28,0.18528610354223432,0.8588235294117647,0.28,0.7196127300613497,0.20783132530120482,0.12857142857142856,0.8544891640866873,0.4975124378109453,0.15384615384615385,0.20521172638436483,0.16701902748414377,0.014930944382232176,0.006396588486140725,0.15151515151515152,0.04918032786885246,0.006100422336931018,0.1348314606741573,0.03615604186489058,0.011276127612761276,0.02440341580315253,0.9620252927704667,0.0,0.6666666666666666,0.0,0.811241463841709
75.2,33.42,0.6212534059945504,0.6352941176470588,0.32,0.6073619631901841,0.5783132530120482,0.5204081632653061,0.6408668730650154,0.527363184079602,0.5480769230769231,0.6547231270358306,0.5264270613107822,0.18346397909667786,0.0826226012793177,1.0,0.05737704918032787,0.08657907085875176,0.7584269662921348,0.19029495718363462,0.0814081408140814,0.28305262092010663,0.8354430158175333,0.8641974901647925,0.6666666666666666,0.75,0.28716511994396776
78.35,33.17,0.1444141689373297,0.8823529411764706,0.3,0.7247891104294478,0.1716867469879518,0.09591836734693877,0.8668730650154799,0.4651741293532338,0.11538461538461539,0.16286644951140064,0.13742071881606766,0.01362448674878686,0.008528784648187633,0.14285714285714285,0.09836065573770492,0.007273580478648522,0.12921348314606743,0.04281636536631779,0.009625962596259627,0.021669423161305566,0.9620252927704667,0.0,0.6666666666666666,0.0,0.8691997898791806
78.01,33.26,0.19346049046321526,0.8470588235294118,0.28,0.7158742331288344,0.21686746987951808,0.13877551020408163,0.848297213622291,0.5049751243781094,0.16105769230769232,0.21498371335504887,0.17547568710359407,0.01605076521089959,0.005863539445628998,0.17142857142857143,0.01639344262295082,0.006100422336931018,0.1404494382022472,0.035204567078972404,0.011826182618261826,0.02359334390927195,0.9620252927704667,0.0,0.6666666666666666,0.0,0.8014358255997198
79.88,30.97,0.14986376021798364,0.7529411764705882,0.38,0.558090490797546,0.06325301204819277,0.16326530612244897,0.653250773993808,0.41044776119402987,0.13221153846153846,0.09771986970684039,0.19238900634249473,0.10488988428518103,0.07036247334754797,0.3142857142857143,0.3442622950819672,0.07484748944157672,0.3539325842696629,0.29305423406279735,0.03107810781078108,0.1992439328990448,0.7215189544880667,0.0,0.6666666666666666,0.0,0.8755034144633164
78.72,33.75,0.23978201634877383,1.0,0.32,0.7639953987730062,0.3132530120481928,0.14285714285714285,0.9411764705882353,0.5597014925373134,0.18269230769230768,0.2899022801302932,0.1945031712473573,0.0,0.0005330490405117271,0.08571428571428572,0.09016393442622951,0.0,0.07303370786516854,0.014272121788772598,0.005500550055005501,0.0,0.0,0.0,0.0,0.0,0.7482052180003502
78.22,33.19,0.07901907356948229,0.7954545454545454,0.28,0.7223926380368099,0.09337349397590361,0.05102040816326531,0.8544891640866873,0.4054726368159204,0.0625,0.08143322475570032,0.08668076109936575,0.014738805970149253,0.010660980810234541,0.14285714285714285,0.16393442622950818,0.00984759671746776,0.12921348314606743,0.05042816365366318,0.0088008800880088,0.033934288121314236,0.9620252927704667,0.0,0.6666666666666666,0.0,0.9220801961127648
78.05,30.32,0.8228882833787466,0.7840909090909091,0.4,0.4698044478527607,0.7981927710843374,0.6612244897959184,0.653250773993808,0.9303482587064676,0.6466346153846154,0.8338762214983714,0.7209302325581395,0.3375,0.296908315565032,0.45714285714285713,0.7049180327868853,0.31887456037514655,0.5842696629213483,0.6879162702188392,0.0352035203520352,0.3770513900589722,0.8354430158175333,0.8641974901647925,0.6666666666666666,0.75,0.1187182630012257
77.97,35.05,0.04632152588555858,0.8068181818181818,0.22,0.836944018404908,0.12349397590361445,0.0,0.978328173374613,0.4154228855721393,0.0,0.08794788273615635,0.023255813953488372,0.0,0.0010660980810234541,0.02857142857142857,0.3770491803278688,0.0,0.028089887640449437,0.017126546146527116,0.0016501650165016502,0.018635214827295705,0.9620252927704667,0.0,0.6666666666666666,0.0,0.9826650323936263
77.2,33.31,0.24250681198910082,0.6704545454545454,0.24,0.7074386503067485,0.23795180722891565,0.19595959595959597,0.7956656346749226,0.04228855721393035,0.3114406779661017,0.25732899022801303,0.20930232558139536,0.03487293637544055,0.009594882729211088,0.22857142857142856,0.01639344262295082,0.012186547925943286,0.1797752808988764,0.03615604186489058,0.018151815181518153,0.053816343723673124,0.8354430158175333,0.8641974901647925,0.6666666666666666,0.75,0.7299947469795132
77.15,31.12,0.667574931880109,0.36363636363636365,0.3,0.40912576687116564,0.5391566265060241,0.6121212121212121,0.4674922600619195,0.7786069651741293,0.6610169491525424,0.6254071661237784,0.6173361522198731,0.2244481543312929,0.17750533049040512,0.34285714285714286,0.45081967213114754,0.16897117412702134,0.5,0.47002854424357754,0.048954895489548955,0.3065206402695872,0.8354430158175333,0.8641974901647925,0.6666666666666666,0.75,0.2868149185781825
74.72,34.18,0.6021798365122616,0.7727272727272727,0.34,0.6673696319018405,0.6234939759036144,0.5050505050505051,0.718266253869969,0.5,0.5741525423728814,0.6710097719869706,0.4989429175475687,0.11945835652012614,0.051705756929637525,0.7428571428571429,0.09016393442622951,0.061167096320599953,0.5730337078651685,0.11417697431018078,0.04592959295929593,0.16293176074136478,0.8354430158175333,0.8641974901647925,0.6666666666666666,0.75,0.2789353878480126
78.34,33.14,0.1307901907356948,0.8409090909090909,0.28,0.7179831288343558,0.1536144578313253,0.09696969696969697,0.8606811145510835,0.4502487562189055,0.2097457627118644,0.14332247557003258,0.12684989429175475,0.020589872008903727,0.00906183368869936,0.14285714285714285,0.12295081967213115,0.009374267635340989,0.12921348314606743,0.04567078972407231,0.009625962596259627,0.02513900589721988,0.9620252927704667,0.0,0.6666666666666666,0.0,0.8741026090001751
80.28,30.3,0.40599455040871935,0.5681818181818182,0.42,0.4285851226993865,0.2680722891566265,0.4121212121212121,0.4953560371517028,0.5845771144278606,0.4449152542372881,0.3322475570032573,0.4164904862579281,0.22203672787979967,0.13486140724946696,0.5142857142857142,0.32786885245901637,0.15162877900164048,0.5955056179775281,0.5756422454804948,0.0594059405940594,0.44205560235888797,0.9620252927704667,0.0,0.6666666666666666,0.0,0.6151286990019261
75.33,34.03,0.4223433242506812,0.4431818181818182,0.14,0.8009010736196319,0.43373493975903615,0.3373737373737374,0.7801857585139319,0.43283582089552236,0.451271186440678,0.501628664495114,0.3192389006342495,0.1775180856983862,0.0708955223880597,0.8285714285714286,0.07377049180327869,0.08764940239043825,0.6685393258426966,0.170313986679353,0.07123212321232124,0.33718618365627634,0.9620252927704667,0.0,0.6666666666666666,0.0,0.4198914375766066
78.1,32.83,0.17166212534059946,0.7727272727272727,0.3,0.6834739263803681,0.16566265060240964,0.1414141414141414,0.804953560371517,0.472636815920398,0.2478813559322034,0.17263843648208468,0.16701902748414377,0.03746985716935634,0.013859275053304905,0.2,0.04918032786885246,0.01593625498007968,0.19101123595505617,0.06660323501427212,0.0165016501650165,0.04518955349620893,0.8354430158175333,0.8641974901647925,0.6666666666666666,0.75,0.8312029416914726
78.03,33.23,0.16348773841961853,0.8068181818181818,0.28,0.7154907975460123,0.18072289156626506,0.12525252525252525,0.8452012383900929,0.47761194029850745,0.23940677966101695,0.1758957654723127,0.1522198731501057,0.02207382674828418,0.007462686567164179,0.14285714285714285,0.04918032786885246,0.00843684087180689,0.1348314606741573,0.04091341579448145,0.011276127612761276,0.027497893850042122,0.9620252927704667,0.0,0.6666666666666666,0.0,0.8308527403256872
76.64,34.51,0.3814713896457766,0.6818181818181818,0.16,0.9114263803680982,0.4819277108433735,0.23636363636363636,0.9845201238390093,0.09950248756218906,0.548728813559322,0.501628664495114,0.25158562367864695,0.02485624188462252,0.013859275053304905,0.11428571428571428,0.23770491803278687,0.014530114834778533,0.11797752808988764,0.007611798287345386,0.019251925192519254,0.023218197135636057,0.8354430158175333,0.8641974901647925,0.6666666666666666,0.75,0.5541936613552793
80.25,30.15,0.659400544959128,0.625,0.48,0.3859279141104294,0.5542168674698795,0.6121212121212121,0.48297213622291024,0.7761194029850746,0.6377118644067796,0.5960912052117264,0.6173361522198731,0.2865887590428492,0.20149253731343283,0.34285714285714286,0.5,0.2247480665573002,0.5561797752808989,0.5975261655566128,0.045104510451045104,0.4165122156697557,0.9620252927704667,0.0,0.6666666666666666,0.0,0.2880406233584311
77.645229,12.84326,0.8746594005449592,0.6818181818181818,0.78,0.10554064417177914,0.7198795180722891,0.8363636363636363,0.30959752321981426,0.8606965174129353,0.8728813559322034,0.7752442996742671,0.879492600422833,0.1296605453533667,0.07782515991471216,0.05714285714285714,0.4016393442622951,0.08835247246308882,0.056179775280898875,0.11037107516650808,0.020077007700770078,0.12286436394271272,0.7848100929645334,0.7777777646958262,0.6666666666666666,0.4166666666666667,0.16599544738224478
77.59,33.0,0.2615803814713896,0.7045454545454546,0.28,0.6689033742331288,0.24397590361445784,0.21818181818181817,0.7678018575851393,0.07462686567164178,0.326271186440678,0.2671009771986971,0.23678646934460887,0.04600259692079391,0.013859275053304905,0.2571428571428571,0.01639344262295082,0.017108038434497305,0.2247191011235955,0.05042816365366318,0.022552255225522552,0.06055602358887953,0.8354430158175333,0.8641974901647925,0.6666666666666666,0.75,0.7334967606373665
77.429451,34.057032,0.27520435967302453,0.8409090909090909,0.26,0.7715682515337423,0.33433734939759036,0.18787878787878787,0.9071207430340558,0.5920398009950248,0.3220338983050847,0.3257328990228013,0.2156448202959831,0.009645705805972918,0.0,0.08571428571428572,0.040983606557377046,0.0018748535270681978,0.07865168539325842,0.017126546146527116,0.007700770077007701,0.016040438079191238,0.9620252927704667,0.0,0.6666666666666666,0.0,0.7039047452285064
76.81,34.42,0.3405994550408719,0.7159090909090909,0.18,0.8673312883435583,0.4246987951807229,0.21616161616161617,0.9566563467492261,0.07711442786069651,0.3728813559322034,0.43322475570032576,0.2346723044397463,0.017807456872565387,0.006396588486140725,0.11428571428571428,0.11475409836065574,0.007733770799156316,0.11235955056179775,0.010466222645099905,0.014026402640264026,0.016377422072451558,0.8354430158175333,0.8641974901647925,0.6666666666666666,0.75,0.6195062160742427
78.27,34.03,0.2670299727520436,0.9659090909090909,0.3,0.7684049079754601,0.34036144578313254,0.1717171717171717,0.9380804953560371,0.5845771144278606,0.3029661016949153,0.31921824104234525,0.21141649048625794,0.005935818957521795,0.0005330490405117271,0.08571428571428572,0.05737704918032787,0.0007030700726505742,0.06741573033707865,0.014272121788772598,0.005775577557755775,0.005459140690817186,0.9620252927704667,0.0,0.6666666666666666,0.0,0.7205393101033094
75.6,34.37,0.20708446866485014,0.3409090909090909,0.06,0.8813266871165644,0.23493975903614459,0.15555555555555556,0.8544891640866873,0.21890547263681592,0.2860169491525424,0.2736156351791531,0.12896405919661733,0.055277314041921724,0.01812366737739872,0.2857142857142857,0.040983606557377046,0.022966955706585423,0.23595505617977527,0.06374881065651761,0.0231023102310231,0.1122156697556866,0.9620252927704667,0.0,0.6666666666666666,0.0,0.6342146734372264
78.3,32.81,0.2016348773841962,0.8181818181818182,0.3,0.6875958588957055,0.20783132530120482,0.16161616161616163,0.8173374613003096,0.5024875621890548,0.2690677966101695,0.21172638436482086,0.19027484143763213,0.036171396772398445,0.012260127931769723,0.2,0.04918032786885246,0.014295758143895007,0.1853932584269663,0.060894386298763085,0.017051705170517052,0.042156697556866046,0.9620252927704667,0.0,0.6666666666666666,0.0,0.793030992820872
76.88,33.47,0.3460490463215259,0.625,0.22,0.7232553680981595,0.34036144578313254,0.2686868686868687,0.7894736842105263,0.12686567164179105,0.3919491525423729,0.3811074918566775,0.28118393234672306,0.056019291411611945,0.023454157782515993,0.3142857142857143,0.10655737704918032,0.026482306069838295,0.25280898876404495,0.04091341579448145,0.0297029702970297,0.07622577927548442,0.5822784619116667,0.592592588231942,0.6666666666666666,0.4166666666666667,0.6252845386097006
77.6,34.22,0.2452316076294278,0.8636363636363636,0.26,0.7852760736196319,0.31626506024096385,0.1595959595959596,0.9318885448916409,0.5696517412935324,0.2966101694915254,0.2964169381107492,0.19027484143763213,0.006492301984789464,0.0005330490405117271,0.08571428571428572,0.07377049180327869,0.0014061401453011485,0.07303370786516854,0.017126546146527116,0.005775577557755775,0.010648694187026117,0.9620252927704667,0.0,0.6666666666666666,0.0,0.7263176326387673
79.6162,22.88348,0.8991825613079019,0.8863636363636364,0.42,0.39445935582822084,0.9337349397590361,0.7212121212121212,0.7058823529411765,0.927860696517413,0.9978813559322034,0.9250814332247557,0.813953488372093,0.19847894639213504,0.17270788912579957,0.2,0.7868852459016393,0.20271853761424888,0.19662921348314608,0.10466222645099905,0.01155115511551155,0.16613310867733783,1.0,1.0,1.0,0.25,0.0849238312029417
77.47,34.93,0.37329700272479566,0.8977272727272727,0.24,0.8533358895705522,0.48493975903614456,0.22828282828282828,1.0,0.12686567164179105,0.5254237288135594,0.4755700325732899,0.2642706131078224,0.0022259321090706734,0.0,0.05714285714285714,0.02459016393442623,0.0,0.056179775280898875,0.0,0.00605060506050605,0.0,0.9620252927704667,0.0,0.6666666666666666,0.0,0.5776571528628962
78.28,33.08,0.16348773841961853,0.8409090909090909,0.3,0.7133819018404908,0.18373493975903615,0.12525252525252525,0.848297213622291,0.47761194029850745,0.23516949152542374,0.1791530944625407,0.1543340380549683,0.02374327583008718,0.011695906432748537,0.14285714285714285,0.06557377049180328,0.011695906432748537,0.1404494382022472,0.04567078972407231,0.01155115511551155,0.032494371450653585,0.9620252927704667,0.0,0.6666666666666666,0.0,0.845035895639993
78.38,32.08,0.28610354223433243,0.7045454545454546,0.34,0.5990222392638037,0.22590361445783133,0.25656565656565655,0.6904024767801857,0.5422885572139303,0.3411016949152542,0.2703583061889251,0.2769556025369979,0.09330365423854572,0.03561935140882509,0.37142857142857144,0.04918032786885246,0.04163742690058479,0.398876404494382,0.14747859181731685,0.03987898789878988,0.1095466917571155,0.8354430158175333,0.8641974901647925,0.6666666666666666,0.75,0.7361232708807565
78.32,32.78,0.20435967302452315,0.8181818181818182,0.3,0.6870207055214724,0.20783132530120482,0.16363636363636364,0.8142414860681114,0.5024875621890548,0.2690677966101695,0.21498371335504887,0.19238900634249473,0.037655351511778894,0.01541733120680489,0.2,0.040983606557377046,0.016842105263157894,0.19662921348314608,0.06279733587059944,0.0176017601760176,0.04116401760811855,0.9620252927704667,0.0,0.6666666666666666,0.0,0.7961828051129399
77.45,33.17,0.23160762942779292,0.6931818181818182,0.26,0.6913343558282209,0.22289156626506024,0.18787878787878787,0.7925696594427245,0.03980099502487562,0.3008474576271186,0.24104234527687296,0.20718816067653276,0.036171396772398445,0.011695906432748537,0.22857142857142856,0.01639344262295082,0.013801169590643274,0.19101123595505617,0.04186489058039962,0.018426842684268425,0.04912799489230149,0.8354430158175333,0.8641974901647925,0.6666666666666666,0.75,0.7835755559446682
80.83,30.1,0.34877384196185285,0.5909090909090909,0.44,0.42034125766871167,0.20481927710843373,0.37777777777777777,0.48297213622291024,0.5348258706467661,0.4004237288135593,0.26384364820846906,0.3784355179704017,0.17696160267111852,0.1111111111111111,0.3142857142857143,0.3524590163934426,0.12444444444444444,0.4606741573033708,0.4719314938154139,0.044279427942794276,0.3889915655768003,0.9620252927704667,0.0,0.6666666666666666,0.0,0.4780248642969708
78.651091,30.016496,0.7302452316076294,0.6136363636363636,0.4,0.4101802147239264,0.6536144578313253,0.6343434343434343,0.5510835913312694,0.8333333333333334,0.8177966101694916,0.6970684039087948,0.6638477801268499,0.2838063439065108,0.24508240297713982,0.2571428571428571,0.6885245901639344,0.26222222222222225,0.5168539325842697,0.588011417697431,0.03712871287128713,0.31015827144729324,0.6329113847646667,0.6296295882034496,1.0,0.25,0.20521800035020138
77.57,32.87,0.19618528610354224,0.6704545454545454,0.26,0.6708205521472392,0.1716867469879518,0.1717171717171717,0.7647058823529411,0.48756218905472637,0.2754237288135593,0.19543973941368079,0.18816067653276955,0.04618809126321647,0.014885699096225412,0.2571428571428571,0.00819672131147541,0.018947368421052633,0.2247191011235955,0.06660323501427212,0.020627062706270627,0.06838267414899694,0.8354430158175333,0.8641974901647925,0.6666666666666666,0.75,0.7912799859919454
77.58,34.17,0.37057220708446864,0.9659090909090909,0.32,0.7557515337423313,0.4457831325301205,0.25252525252525254,0.9226006191950464,0.6716417910447762,0.3919491525423729,0.42996742671009774,0.2917547568710359,0.007234279354479688,0.002658160552897395,0.08571428571428572,0.08196721311475409,0.0030409356725146198,0.06741573033707865,0.015223596574690771,0.007425742574257425,0.009711347827547968,0.9620252927704667,0.0,0.6666666666666666,0.0,0.6172299071966381
88.322866,27.156875,0.7057220708446866,0.2727272727272727,0.5,0.27338957055214724,0.4367469879518072,0.6868686868686869,0.2476780185758514,0.8084577114427861,0.6546610169491526,0.6026058631921825,0.6828752642706131,0.49712483769245036,0.3923444976076555,0.11428571428571428,0.639344262295082,0.4343859649122807,0.19101123595505617,1.0,0.009900990099009901,0.564568701905306,0.6329113847646667,0.6419752548606188,0.6666666666666666,0.4166666666666667,0.25722290316932234
77.82,33.83,0.3869209809264305,0.9204545454545454,0.32,0.7227760736196319,0.4367469879518072,0.2767676767676768,0.8761609907120743,0.18159203980099503,0.4046610169491525,0.4364820846905538,0.3128964059196617,0.01910591726952328,0.006379585326953748,0.11428571428571428,0.06557377049180328,0.008187134502923977,0.11797752808988764,0.009105516871987145,0.013476347634763476,0.01750730871333042,0.8354430158175333,0.8641974901647925,0.6666666666666666,0.75,0.6004202416389424
76.63,34.51,0.44686648501362397,0.7272727272727273,0.16,0.9065375766871165,0.5542168674698795,0.2787878787878788,0.9938080495356038,0.16417910447761194,0.597457627118644,0.5798045602605864,0.3044397463002114,0.031163049526989426,0.022860180754917598,0.14285714285714285,0.319672131147541,0.022690058479532163,0.11797752808988764,0.002678093197643278,0.024477447744774478,0.028125945092241002,0.8354430158175333,0.8641974901647925,0.6666666666666666,0.75,0.5263526527753458
78.47,31.77,0.3923705722070845,0.6136363636363636,0.36,0.5371932515337423,0.2891566265060241,0.3616161616161616,0.5944272445820433,0.24129353233830847,0.4279661016949153,0.36482084690553745,0.37420718816067655,0.12743461324429606,0.04731525784157363,0.5142857142857142,0.03278688524590164,0.05801169590643275,0.5842696629213483,0.08409212640599893,0.06023102310231023,0.17860143149971439,0.9620252927704667,0.0,0.6666666666666666,0.0,0.6046226580283663
78.18,33.15,0.0,0.75,0.26,0.7216257668711656,0.0,0.00808080808080808,0.8390092879256966,0.3333333333333333,0.11440677966101695,0.0,0.02748414376321353,0.023186792802819513,0.01701222753854333,0.14285714285714285,0.23770491803278687,0.0152046783625731,0.1348314606741573,0.035886448848419926,0.0088008800880088,0.053832454047515035,0.0,0.0,0.0,0.0,1.0
76.76,34.38,0.4157608695652174,0.7272727272727273,0.18,0.875191717791411,0.5030120481927711,0.26666666666666666,0.9597523219814241,0.14427860696517414,0.5720338983050848,0.5305466237942122,0.28752642706131076,0.02949360044518642,0.019138755980861243,0.14285714285714285,0.2459016393442623,0.019649122807017545,0.1348314606741573,0.005356186395286556,0.022277227722772276,0.028428374609361873,0.8354430158175333,0.8641974901647925,0.6666666666666666,0.75,0.5250384549649633
76.0,34.53,0.2608695652173913,0.4318181818181818,0.06,0.9467983128834356,0.3373493975903614,0.16767676767676767,0.9411764705882353,0.09701492537313433,0.3177966101694915,0.3762057877813505,0.15010570824524314,0.038953811908736785,0.019138755980861243,0.2,0.11475409836065574,0.0191812865497076,0.1853932584269663,0.01713979646491698,0.020902090209020903,0.064585503545146,0.9620252927704667,0.0,0.6666666666666666,0.0,0.6021192958468637
78.18,33.27,0.125,0.8181818181818182,0.28,0.7286234662576687,0.14759036144578314,0.09090909090909091,0.8637770897832817,0.44527363184079605,0.2033898305084746,0.14790996784565916,0.11839323467230443,0.018363939899833055,0.01063264221158958,0.14285714285714285,0.10655737704918032,0.009824561403508772,0.12359550561797752,0.023031601499732192,0.0088008800880088,0.03014214187304681,0.9620252927704667,0.0,0.6666666666666666,0.0,0.8518202016749273
77.66,33.23,0.21739130434782608,0.75,0.28,0.7010161042944786,0.21987951807228914,0.1717171717171717,0.8142414860681114,0.5149253731343284,0.2860169491525424,0.2379421221864952,0.19238900634249473,0.028937117417918753,0.008506113769271665,0.2,0.0,0.010526315789473684,0.16853932584269662,0.021424745581146223,0.01485148514851485,0.04055915857387681,0.9620252927704667,0.0,0.6666666666666666,0.0,0.7533754913689967
78.32,33.1,0.16032608695652173,0.8409090909090909,0.3,0.7132860429447853,0.18072289156626506,0.1191919191919192,0.8544891640866873,0.472636815920398,0.2309322033898305,0.1832797427652733,0.15010570824524314,0.022630309775551846,0.011695906432748537,0.14285714285714285,0.09016393442622951,0.011461988304093567,0.1348314606741573,0.025709694697375468,0.011001100110011002,0.029066836923283712,0.9620252927704667,0.0,0.6666666666666666,0.0,0.8179798325072637
79.02,32.77,0.21467391304347827,0.9659090909090909,0.34,0.7182707055214724,0.2560240963855422,0.15151515151515152,0.8823529411764706,0.5248756218905473,0.2605932203389831,0.2572347266881029,0.1945031712473573,0.021517343721016508,0.011695906432748537,0.14285714285714285,0.11475409836065574,0.011461988304093567,0.12921348314606743,0.026245313336904125,0.011001100110011002,0.018515407103733325,0.9620252927704667,0.0,0.6666666666666666,0.0,0.7742266279268502
76.81,34.43,0.29347826086956524,0.6931818181818182,0.18,0.8614838957055214,0.37349397590361444,0.18585858585858586,0.9504643962848297,0.03731343283582089,0.336864406779661,0.38263665594855306,0.20084566596194503,0.013170098312001484,0.00531632110579479,0.08571428571428572,0.05737704918032787,0.005614035087719298,0.09550561797752809,0.0058918050348152114,0.010726072607260726,0.013945361067240163,0.8354430158175333,0.8641974901647925,0.6666666666666666,0.75,0.689625705007691
74.87,34.12,0.6032608695652174,0.7954545454545454,0.36,0.6818443251533742,0.6325301204819277,0.503030303030303,0.7306501547987616,0.6194029850746269,0.5699152542372882,0.6816720257234726,0.49471458773784355,0.11166759413837878,0.049441786283891544,0.6857142857142857,0.06557377049180328,0.05730994152046784,0.5393258426966292,0.06427423674343867,0.04262926292629263,0.1763500117611479,0.8354430158175333,0.8641974901647925,0.6666666666666666,0.75,0.2714065971628781
76.83,33.58,0.10326086956521739,0.5795454545454546,0.18,0.7464532208588958,0.0963855421686747,0.08888888888888889,0.8142414860681114,0.4253731343283582,0.2033898305084746,0.1189710610932476,0.09090909090909091,0.016879985160452606,0.00531632110579479,0.14285714285714285,0.0,0.00631578947368421,0.1348314606741573,0.01339046598821639,0.009625962596259627,0.04549884068685104,0.5822784619116667,0.592592588231942,0.6666666666666666,0.4166666666666667,0.8596821056229704
78.03,33.18,0.14402173913043478,0.7954545454545454,0.28,0.7142446319018405,0.1536144578313253,0.1111111111111111,0.8390092879256966,0.4552238805970149,0.22245762711864406,0.1607717041800643,0.13530655391120508,0.022815804117974403,0.011164274322169059,0.14285714285714285,0.07377049180327869,0.011228070175438596,0.1404494382022472,0.025174076057846814,0.011001100110011002,0.03414093215497833,0.9620252927704667,0.0,0.6666666666666666,0.0,0.8446419415484533
77.93,33.04,0.13858695652173914,0.75,0.26,0.7010161042944786,0.13855421686746988,0.11313131313131314,0.8204334365325078,0.44776119402985076,0.22245762711864406,0.15112540192926044,0.13530655391120508,0.028937117417918753,0.013822434875066455,0.17142857142857143,0.07377049180327869,0.014269005847953216,0.15730337078651685,0.031065881092662024,0.013201320132013201,0.04318021438892436,0.9620252927704667,0.0,0.6666666666666666,0.0,0.8417364553067852
78.28,31.57,0.6059782608695652,0.4772727272727273,0.34,0.4482361963190184,0.48493975903614456,0.5474747474747474,0.5108359133126935,0.4626865671641791,0.6016949152542372,0.5627009646302251,0.5581395348837209,0.16008161751066594,0.05422647527910686,0.5714285714285714,0.02459016393442623,0.06502923976608187,0.6573033707865169,0.11247991430101767,0.06518151815181518,0.22221848852447998,0.9620252927704667,0.0,0.6666666666666666,0.0,0.3645530678516493
78.15,33.55,0.30978260869565216,0.9090909090909091,0.32,0.7178872699386503,0.3493975903614458,0.2222222222222222,0.8699690402476781,0.11442786069651742,0.3432203389830508,0.35691318327974275,0.25792811839323465,0.01873492858467817,0.00531632110579479,0.14285714285714285,0.02459016393442623,0.006549707602339181,0.12359550561797752,0.011247991430101767,0.0121012101210121,0.02032998420645855,0.9620252927704667,0.0,0.6666666666666666,0.0,0.6557853358400273
80.28,30.25,0.4375,0.5454545454545454,0.42,0.41621932515337423,0.29518072289156627,0.44242424242424244,0.47678018575851394,0.6044776119402985,0.4703389830508475,0.36977491961414793,0.4439746300211416,0.23205342237061768,0.1446039340776183,0.5142857142857142,0.3360655737704918,0.16116959064327485,0.6067415730337079,0.3417246920192823,0.06078107810781078,0.4773345878557747,0.9620252927704667,0.0,0.6666666666666666,0.0,0.6173303708767732
78.38,32.82,0.15489130434782608,0.8181818181818182,0.3,0.6971817484662577,0.15963855421686746,0.12323232323232323,0.826625386996904,0.4626865671641791,0.2288135593220339,0.17041800643086816,0.15010570824524314,0.03171953255425709,0.01648059542796385,0.17142857142857143,0.10655737704918032,0.016608187134502923,0.16853932584269662,0.03642206748794858,0.014026402640264026,0.03608992237642394,0.9620252927704667,0.0,0.6666666666666666,0.0,0.8261835583660913
75.3,34.3,0.39945652173913043,0.4431818181818182,0.12,0.843941717791411,0.43373493975903615,0.3090909090909091,0.8235294117647058,0.4054726368159204,0.4279661016949153,0.49517684887459806,0.28752642706131076,0.1567427193470599,0.06645401382243488,0.7428571428571429,0.09836065573770492,0.08257309941520467,0.5955056179775281,0.0819496518478843,0.061606160616061605,0.2691286669578951,0.9620252927704667,0.0,0.6666666666666666,0.0,0.46009229191591183
77.58,34.15,0.3967391304347826,0.9431818181818182,0.3,0.7536426380368099,0.46686746987951805,0.27070707070707073,0.9164086687306502,0.17661691542288557,0.4088983050847458,0.4630225080385852,0.3086680761099366,0.010573177518085699,0.002658160552897395,0.11428571428571428,0.040983606557377046,0.0037426900584795323,0.08426966292134831,0.007498660953401178,0.009625962596259627,0.009610537988507679,0.9620252927704667,0.0,0.6666666666666666,0.0,0.5826354469321483
78.3,33.22,0.22554347826086957,0.875,0.3,0.7164493865030674,0.25301204819277107,0.16363636363636364,0.8606811145510835,0.5298507462686567,0.2775423728813559,0.2572347266881029,0.19661733615221988,0.021517343721016508,0.007974481658692184,0.14285714285714285,0.01639344262295082,0.008421052631578947,0.1348314606741573,0.018746652383502947,0.0121012101210121,0.025269666319432775,0.9620252927704667,0.0,0.6666666666666666,0.0,0.7544009571013502
78.26,33.12,0.14673913043478262,0.8295454545454546,0.28,0.7151073619631901,0.16566265060240964,0.1111111111111111,0.8513931888544891,0.4601990049751244,0.22245762711864406,0.16720257234726688,0.13953488372093023,0.02207382674828418,0.011695906432748537,0.14285714285714285,0.09016393442622951,0.011461988304093567,0.1348314606741573,0.025709694697375468,0.010726072607260726,0.031318256661850195,0.9620252927704667,0.0,0.6666666666666666,0.0,0.8313108870278585
78.08,32.53,0.06793478260869565,0.6931818181818182,0.28,0.6680406441717791,0.03313253012048193,0.07474747474747474,0.7708978328173375,0.373134328358209,0.1694915254237288,0.05466237942122187,0.09302325581395349,0.047115562975329255,0.02711323763955343,0.22857142857142856,0.1721311475409836,0.028070175438596492,0.21910112359550563,0.06052490626673808,0.016776677667766776,0.0781948318155852,0.8354430158175333,0.8641974901647925,0.6666666666666666,0.75,0.9186463852332934
77.96,33.36,0.1956521739130435,0.8181818181818182,0.28,0.7199003067484663,0.21686746987951808,0.14545454545454545,0.8513931888544891,0.5024875621890548,0.2605932203389831,0.22186495176848875,0.17124735729386892,0.019476905954368393,0.007442849548112706,0.14285714285714285,0.01639344262295082,0.008187134502923977,0.12921348314606743,0.01821103374397429,0.010726072607260726,0.02765549917671965,0.9620252927704667,0.0,0.6666666666666666,0.0,0.7824303537856777
78.62,31.88,0.391304347826087,0.6704545454545454,0.36,0.5537768404907976,0.3042168674698795,0.34949494949494947,0.628482972136223,0.236318407960199,0.4216101694915254,0.37942122186495175,0.3678646934460888,0.110740122426266,0.04199893673577884,0.4857142857142857,0.040983606557377046,0.051929824561403506,0.5168539325842697,0.06855918585966791,0.05418041804180418,0.162505460532948,0.9620252927704667,0.0,0.6666666666666666,0.0,0.5857118441292087
78.2,31.52,0.4429347826086957,0.4772727272727273,0.32,0.479965490797546,0.3072289156626506,0.4202020202020202,0.5232198142414861,0.3009950248756219,0.4788135593220339,0.40192926045016075,0.427061310782241,0.14876646262289,0.05688463583200425,0.5714285714285714,0.03278688524590164,0.06807017543859649,0.6910112359550562,0.09105516871987145,0.06903190319031903,0.2285359051043382,0.9620252927704667,0.0,0.6666666666666666,0.0,0.5766535634934199
78.24,33.2,0.10597826086956522,0.8181818181818182,0.28,0.7211464723926381,0.12048192771084337,0.07878787878787878,0.8544891640866873,0.4253731343283582,0.1885593220338983,0.12218649517684887,0.10570824524312897,0.02003338898163606,0.012227538543328018,0.14285714285714285,0.13114754098360656,0.011228070175438596,0.12921348314606743,0.02678093197643278,0.00935093509350935,0.030814207466648744,0.9620252927704667,0.0,0.6666666666666666,0.0,0.8750640916082721
77.66,34.14,0.29891304347826086,0.9090909090909091,0.28,0.7645705521472392,0.3674698795180723,0.2,0.9226006191950464,0.6094527363184079,0.336864406779661,0.36012861736334406,0.2346723044397463,0.007419773696902244,0.003189792663476874,0.08571428571428572,0.08196721311475409,0.0035087719298245615,0.07303370786516854,0.009105516871987145,0.0063256325632563256,0.011559528209953292,0.9620252927704667,0.0,0.6666666666666666,0.0,0.6583490001709109
77.25,32.37,0.296195652173913,0.5340909090909091,0.26,0.5923121165644172,0.20481927710843373,0.27474747474747474,0.6408668730650154,0.12189054726368159,0.3622881355932203,0.2765273311897106,0.28118393234672306,0.10424782044147654,0.037745879851143006,0.42857142857142855,0.03278688524590164,0.042339181286549704,0.4044943820224719,0.07766470273165506,0.04235423542354235,0.15615444067340972,0.8354430158175333,0.8641974901647925,0.6666666666666666,0.75,0.6855238420782772
77.67,34.15,0.27717391304347827,0.8977272727272727,0.28,0.772430981595092,0.3433734939759036,0.18181818181818182,0.9256965944272446,0.5920398009950248,0.3177966101694915,0.33440514469453375,0.2156448202959831,0.00667779632721202,0.003189792663476874,0.08571428571428572,0.07377049180327869,0.0032748538011695906,0.07303370786516854,0.009105516871987145,0.005775577557755775,0.012433213481635808,0.9620252927704667,0.0,0.6666666666666666,0.0,0.7015894718851479
75.58,33.42,0.5108695652173914,0.4772727272727273,0.22,0.6629601226993865,0.4457831325301205,0.4262626262626263,0.6563467492260062,0.2935323383084577,0.527542372881356,0.5498392282958199,0.42283298097251587,0.19291411611945836,0.07708665603402445,0.8285714285714286,0.040983606557377046,0.08818713450292398,0.7303370786516854,0.12747723620782003,0.08415841584158416,0.3171813569004335,0.9620252927704667,0.0,0.6666666666666666,0.0,0.4214664159972654
78.03,33.19,0.125,0.7840909090909091,0.28,0.7171203987730062,0.1355421686746988,0.09696969696969697,0.8421052631578947,0.44029850746268656,0.2076271186440678,0.1414790996784566,0.12050739957716702,0.022259321090706732,0.011695906432748537,0.14285714285714285,0.09016393442622951,0.011461988304093567,0.1348314606741573,0.026245313336904125,0.010726072607260726,0.033838502637857454,0.9620252927704667,0.0,0.6666666666666666,0.0,0.8531874893180653
77.280203,30.868722,0.717391304347826,0.4772727272727273,0.34,0.4282016871165644,0.6114457831325302,0.6303030303030303,0.5139318885448917,0.8233830845771144,0.690677966101695,0.6977491961414791,0.6490486257928119,0.25505472083101466,0.19829877724614567,0.4,0.5081967213114754,0.2056140350877193,0.5617977528089888,0.2897696839850027,0.050605060506050605,0.2846533821700998,0.6329113847646667,0.6296295882034496,1.0,0.25,0.2355152965305076
77.97,33.98,0.0,0.7613636363636364,0.24,0.7727185582822086,0.02710843373493976,0.0,0.8978328173374613,0.34577114427860695,0.006355932203389831,0.01607717041800643,0.008456659619450317,0.007976256724169913,0.007974481658692184,0.08571428571428572,0.26229508196721313,0.005614035087719298,0.07865168539325842,0.016604177825388325,0.0044004400440044,0.03199032225545213,0.9620252927704667,0.0,0.6666666666666666,0.0,0.9805161510852846
76.6,34.25,0.18206521739130435,0.5795454545454546,0.16,0.8270705521472392,0.21987951807228914,0.13373253493013973,0.8885448916408669,0.5199004975124378,0.2584745762711864,0.2379421221864952,0.12473572938689217,0.01001669449081803,0.004784688995215311,0.05714285714285714,0.1721311475409836,0.004210526315789474,0.08426966292134831,0.005356186395286556,0.007425742574257425,0.017440102153970228,0.5822784619116667,0.592592588231942,0.6666666666666666,0.4166666666666667,0.6932148350709281
75.2,33.73,0.6114130434782609,0.6818181818181818,0.32,0.6554831288343558,0.5903614457831325,0.5129740518962076,0.6811145510835913,0.6343283582089553,0.586864406779661,0.6720257234726688,0.5052854122621564,0.1428306436653682,0.06645401382243488,0.8,0.09016393442622951,0.07064327485380117,0.6067415730337079,0.06480985538296732,0.0594059405940594,0.24459827279142443,0.8354430158175333,0.8641974901647925,0.6666666666666666,0.75,0.2905486241668091
78.36,32.98,0.15217391304347827,0.8409090909090909,0.3,0.7091641104294478,0.16566265060240964,0.12574850299401197,0.8452012383900929,0.4626865671641791,0.2266949152542373,0.17363344051446947,0.14587737843551796,0.025598219254312743,0.013822434875066455,0.17142857142857143,0.11475409836065574,0.013567251461988304,0.14606741573033707,0.029994643813604713,0.01155115511551155,0.030377364830807486,0.9620252927704667,0.0,0.6666666666666666,0.0,0.8249871816783456
75.0,34.22,0.5353260869565217,0.6590909090909091,0.26,0.7166411042944786,0.5572289156626506,0.4491017964071856,0.7461300309597523,0.5497512437810945,0.5254237288135594,0.6141479099678456,0.4312896405919662,0.15396030421072157,0.06698564593301436,0.8,0.09016393442622951,0.08070175438596491,0.6460674157303371,0.07177289769683985,0.06243124312431243,0.2544776370173729,0.9620252927704667,0.0,0.6666666666666666,0.0,0.34250555460605026
78.36,33.05,0.10054347826086957,0.8295454545454546,0.28,0.7160659509202454,0.1144578313253012,0.08782435129740519,0.8513931888544891,0.42039800995024873,0.1864406779661017,0.1157556270096463,0.10359408033826638,0.022815804117974403,0.014354066985645933,0.14285714285714285,0.16393442622950818,0.013333333333333334,0.1348314606741573,0.03053026245313337,0.009900990099009901,0.03276319768809436,0.9620252927704667,0.0,0.6666666666666666,0.0,0.8661767219278755
77.99,33.35,0.1983695652173913,0.8295454545454546,0.28,0.718558282208589,0.21987951807228914,0.15568862275449102,0.8544891640866873,0.5049751243781094,0.2627118644067797,0.22508038585209003,0.17547568710359407,0.02003338898163606,0.007974481658692184,0.14285714285714285,0.02459016393442623,0.008421052631578947,0.12921348314606743,0.018746652383502947,0.011001100110011002,0.02617695487079539,0.9620252927704667,0.0,0.6666666666666666,0.0,0.7788412237224406
75.63,32.27,0.8614130434782609,0.8863636363636364,0.36,0.5742906441717791,0.9156626506024096,0.6626746506986028,0.7832817337461301,0.9900497512437811,0.7754237288135594,0.9292604501607717,0.7209302325581395,0.2459654980523094,0.21690590111642744,0.2857142857142857,0.7049180327868853,0.2327485380116959,0.42134831460674155,0.24049276914836637,0.04757975797579758,0.2515205484055244,1.0,1.0,0.6666666666666666,0.75,0.05674243719022389
74.92,32.73,0.8369565217391305,0.7159090909090909,0.32,0.5633627300613497,0.8614457831325302,0.6726546906187625,0.7120743034055728,0.9701492537313433,0.7648305084745762,0.8938906752411575,0.7040169133192389,0.23817473567056205,0.19351408825093036,0.34285714285714286,0.5655737704918032,0.2023391812865497,0.46629213483146065,0.2185324049276915,0.05638063806380638,0.28828253637555024,0.7749999761581421,0.7530863725127056,0.3333333333333333,0.8333333333333334,0.09741924457357716
76.48,34.62,0.4320652173913043,0.6931818181818182,0.14,0.9409509202453987,0.5451807228915663,0.2694610778443114,1.0,0.13432835820895522,0.586864406779661,0.5787781350482315,0.28118393234672306,0.02949360044518642,0.022860180754917598,0.11428571428571428,0.3442622950819672,0.02175438596491228,0.10674157303370786,0.0021424745581146223,0.023377337733773377,0.031855909136731746,0.824999988079071,0.8641974901647925,0.6666666666666666,0.75,0.4872671338232781
77.64,33.08,0.16576086956521738,0.7045454545454546,0.26,0.6940184049079755,0.1536144578313253,0.1497005988023952,0.7859327217125383,0.4651741293532338,0.2457627118644068,0.17363344051446947,0.15644820295983086,0.03171953255425709,0.012227538543328018,0.2,0.02459016393442623,0.013801169590643274,0.17415730337078653,0.0289234065345474,0.01485148514851485,0.051984273665109715,0.824999988079071,0.8641974901647925,0.6666666666666666,0.75,0.8208853187489318
74.82,34.08,0.6005434782608695,0.7954545454545454,0.36,0.6805981595092024,0.6295180722891566,0.5089820359281437,0.7186544342507645,0.6169154228855721,0.5677966101694916,0.6784565916398714,0.49471458773784355,0.1166759413837878,0.05263157894736842,0.6857142857142857,0.07377049180327869,0.05988304093567252,0.5449438202247191,0.07070166041778254,0.04372937293729373,0.17641721832050808,0.824999988079071,0.8641974901647925,0.6666666666666666,0.75,0.2719193300290549
78.38,32.8,0.1793478260869565,0.8295454545454546,0.3,0.6902799079754601,0.18373493975903615,0.15169660678642716,0.8134556574923547,0.48009950248756217,0.2478813559322034,0.19614147909967847,0.17124735729386892,0.033574475978482655,0.01594896331738437,0.2,0.08196721311475409,0.016608187134502923,0.1797752808988764,0.03535083020889127,0.015126512651265127,0.03837494539467052,0.949999988079071,0.0,0.6666666666666666,0.0,0.7964450521278414
74.3531,34.0344,0.3532608695652174,0.3068181818181818,0.14,0.6912384969325154,0.2891566265060241,0.3333333333333333,0.6422018348623854,0.3681592039800995,0.4110169491525424,0.38263665594855306,0.2959830866807611,0.1715822667408644,0.06485911749069644,0.7714285714285715,0.05737704918032787,0.07274853801169591,0.601123595505618,0.1542581681842528,0.0539053905390539,0.3382842165395343,0.949999988079071,0.0,0.6666666666666666,0.0,0.5587079131772347
78.28,33.04,0.20108695652173914,0.8409090909090909,0.3,0.7035084355828221,0.21686746987951808,0.16367265469061876,0.8287461773700305,0.5049751243781094,0.2627118644067797,0.22508038585209003,0.1839323467230444,0.02708217399369319,0.011164274322169059,0.17142857142857143,0.040983606557377046,0.011929824561403509,0.15730337078651685,0.025709694697375468,0.013476347634763476,0.03178870257737155,0.949999988079071,0.0,0.6666666666666666,0.0,0.7796957784994019
77.63,33.22,0.16847826086956522,0.7272727272727273,0.26,0.705329754601227,0.16566265060240964,0.14570858283433133,0.8042813455657493,0.472636815920398,0.2478813559322034,0.1832797427652733,0.1543340380549683,0.02615470228158041,0.009569377990430622,0.17142857142857143,0.01639344262295082,0.010994152046783626,0.15168539325842698,0.023567220139260846,0.012926292629262925,0.04079438153163749,0.824999988079071,0.8641974901647925,0.6666666666666666,0.75,0.803281490343531
78.02,33.25,0.20108695652173914,0.8181818181818182,0.28,0.7138611963190185,0.21987951807228914,0.1596806387225549,0.8379204892966361,0.5074626865671642,0.2648305084745763,0.22508038585209003,0.17758985200845667,0.02244481543312929,0.008506113769271665,0.17142857142857143,0.02459016393442623,0.009122807017543859,0.1404494382022472,0.01981788966256026,0.011826182618261826,0.02983971235592594,0.949999988079071,0.0,0.6666666666666666,0.0,0.7778157579900872
78.28,32.88,0.20923913043478262,0.8181818181818182,0.3,0.6886503067484663,0.21385542168674698,0.17365269461077845,0.8103975535168195,0.5049751243781094,0.2711864406779661,0.2282958199356913,0.19238900634249473,0.034130959005750326,0.013822434875066455,0.2,0.040983606557377046,0.01497076023391813,0.1853932584269663,0.03160149973219068,0.016226622662266228,0.04338183406700494,0.0,0.0,0.0,0.0,0.7740557169714579
77.03,34.3,0.41032608695652173,0.7840909090909091,0.22,0.8339723926380368,0.49096385542168675,0.2774451097804391,0.9327217125382263,0.15671641791044777,0.559322033898305,0.5112540192926045,0.2959830866807611,0.022815804117974403,0.012759170653907496,0.14285714285714285,0.1721311475409836,0.013801169590643274,0.1348314606741573,0.005356186395286556,0.017876787678767877,0.02012836452837797,0.824999988079071,0.8641974901647925,0.6666666666666666,0.75,0.5380276875747736
78.32,33.05,0.15760869565217392,0.8409090909090909,0.3,0.7104102760736196,0.1746987951807229,0.12974051896207583,0.8379204892966361,0.4701492537313433,0.2288135593220339,0.18006430868167203,0.15010570824524314,0.02429975885735485,0.012227538543328018,0.14285714285714285,0.08196721311475409,0.012163742690058479,0.1404494382022472,0.027316550615961437,0.01155115511551155,0.03064619106824826,0.949999988079071,0.0,0.6666666666666666,0.0,0.8398564347974705
77.68,32.9,0.22282608695652173,0.7045454545454546,0.28,0.6689033742331288,0.20180722891566266,0.19760479041916168,0.7614678899082569,0.5074626865671642,0.2902542372881356,0.2282958199356913,0.20507399577167018,0.04470413652383602,0.013822434875066455,0.2571428571428571,0.00819672131147541,0.017076023391812866,0.2247191011235955,0.033743974290305304,0.020902090209020903,0.0615612083739373,0.824999988079071,0.8641974901647925,0.6666666666666666,0.75,0.8164416339087336
91.983764,27.575392,0.5706521739130435,0.8181818181818182,0.54,0.40596242331288346,0.40963855421686746,0.48303393213572854,0.5351681957186545,0.7412935323383084,0.4978813559322034,0.5209003215434084,0.547568710359408,0.2088666295677982,0.1286549707602339,0.11428571428571428,0.48360655737704916,0.16187134502923978,0.09550561797752809,0.37600428494911625,0.0044004400440044,0.2700023522295776,0.8125,0.8271604313245029,0.6666666666666666,0.4166666666666667,0.44129208682276533
77.17,32.58,0.18206521739130435,0.5568181818181818,0.24,0.6398581288343558,0.1144578313253012,0.18562874251497005,0.691131498470948,0.4577114427860697,0.2711864406779661,0.1639871382636656,0.18181818181818182,0.06826191801150065,0.024455077086656035,0.3142857142857143,0.03278688524590164,0.03111111111111111,0.29213483146067415,0.061596143545795394,0.02695269526952695,0.11811552807554017,0.824999988079071,0.8641974901647925,0.6666666666666666,0.75,0.7790121346778328
78.02,33.22,0.16304347826086957,0.7954545454545454,0.28,0.716545245398773,0.17771084337349397,0.13373253493013973,0.8348623853211009,0.472636815920398,0.23516949152542374,0.1832797427652733,0.14799154334038056,0.02207382674828418,0.010101010101010102,0.14285714285714285,0.04918032786885246,0.010292397660818714,0.1348314606741573,0.023031601499732192,0.011276127612761276,0.030881414026008937,0.949999988079071,0.0,0.6666666666666666,0.0,0.8198598530165784
78.07,30.43,0.7336956521739131,0.5681818181818182,0.36,0.4206288343558282,0.6536144578313253,0.6407185628742516,0.5412844036697247,0.8383084577114428,0.8199152542372882,0.7138263665594855,0.6659619450317125,0.4331292895566685,0.417331206804891,0.37142857142857144,0.8114754098360656,0.4278362573099415,0.6573033707865169,0.5056239957150509,0.04207920792079208,0.4632884169494943,0.625,0.6296295882034496,1.0,0.25,0.21620235857118442
77.27,33.32,0.14945652173913043,0.6590909090909091,0.24,0.7164493865030674,0.13855421686746988,0.13373253493013973,0.7951070336391437,0.4577114427860697,0.23516949152542374,0.1607717041800643,0.13530655391120508,0.02448525319977741,0.008506113769271665,0.17142857142857143,0.00819672131147541,0.010058479532163742,0.15168539325842698,0.02088912694161757,0.012651265126512651,0.044658758694848616,0.824999988079071,0.8641974901647925,0.6666666666666666,0.75,0.8342163732695266
78.37,32.87,0.1956521739130435,0.8409090909090909,0.3,0.6968941717791411,0.20783132530120482,0.16167664670658682,0.8226299694189603,0.4975124378109453,0.2584745762711864,0.21864951768488747,0.18181818181818182,0.03190502689667965,0.013822434875066455,0.2,0.05737704918032787,0.014736842105263158,0.17415730337078653,0.03160149973219068,0.015126512651265127,0.03430894855337881,0.949999988079071,0.0,0.6666666666666666,0.0,0.7892667920013673
78.38,32.67,0.21467391304347827,0.8068181818181818,0.3,0.6767638036809815,0.21084337349397592,0.18363273453093812,0.7920489296636085,0.5074626865671642,0.2754237288135593,0.2315112540192926,0.20084566596194503,0.042292710072342796,0.017543859649122806,0.22857142857142856,0.04918032786885246,0.0191812865497076,0.21348314606741572,0.04017139796464917,0.019251925192519254,0.04838872273933936,0.949999988079071,0.0,0.6666666666666666,0.0,0.7843103742949923
78.32,32.75,0.20380434782608695,0.8068181818181818,0.3,0.6807898773006135,0.20180722891566266,0.17365269461077845,0.7981651376146789,0.4975124378109453,0.2669491525423729,0.21864951768488747,0.19238900634249473,0.03913930625115934,0.01648059542796385,0.2,0.06557377049180328,0.01801169590643275,0.19662921348314608,0.037493304767005894,0.017876787678767877,0.04371786686380591,0.949999988079071,0.0,0.6666666666666666,0.0,0.7814048880533242
76.58,34.57,0.28532608695652173,0.625,0.14,0.8975268404907976,0.3704819277108434,0.18562874251497005,0.9510703363914373,0.014925373134328358,0.3305084745762712,0.3858520900321543,0.18181818181818182,0.015396030421072158,0.007442849548112706,0.08571428571428572,0.09836065573770492,0.007485380116959065,0.10112359550561797,0.005356186395286556,0.0121012101210121,0.02106925635942068,0.824999988079071,0.8641974901647925,0.6666666666666666,0.75,0.6046829601777474
77.0,33.0,0.0625,0.5454545454545454,0.2,0.6894171779141104,0.018072289156626505,0.08582834331337326,0.746177370030581,0.3706467661691542,0.17796610169491525,0.04823151125401929,0.07822410147991543,0.0393248005935819,0.017543859649122806,0.22857142857142856,0.04918032786885246,0.019649122807017545,0.20224719101123595,0.04124263524370648,0.015676567656765675,0.10171712759165294,0.0,0.0,0.0,0.0,0.926850111092121
78.4,33.05,0.03260869565217391,0.7954545454545454,0.28,0.7180789877300614,0.0391566265060241,0.03992015968063872,0.8379204892966361,0.36069651741293535,0.13559322033898305,0.03858520900321544,0.052854122621564484,0.023557781487664627,0.01701222753854333,0.14285714285714285,0.2459016393442623,0.015438596491228071,0.1348314606741573,0.03642206748794858,0.0088008800880088,0.03992069625995497,0.949999988079071,0.0,0.6666666666666666,0.0,0.9521449324901726
77.57,33.42,0.1793478260869565,0.7386363636363636,0.26,0.7237346625766872,0.1927710843373494,0.14770459081836326,0.8287461773700305,0.4900497512437811,0.2542372881355932,0.20257234726688103,0.15856236786469344,0.019847894639213503,0.006911217437533227,0.14285714285714285,0.00819672131147541,0.007953216374269005,0.1348314606741573,0.01713979646491698,0.011001100110011002,0.035585873181222485,0.949999988079071,0.0,0.6666666666666666,0.0,0.784823107161169
76.65,34.52,0.3423913043478261,0.6704545454545454,0.16,0.9002108895705522,0.43373493975903615,0.21956087824351297,0.963302752293578,0.06716417910447761,0.5169491525423728,0.4565916398713826,0.22410147991543342,0.01966240029679095,0.011695906432748537,0.11428571428571428,0.16393442622950818,0.011695906432748537,0.11797752808988764,0.0048205677557579,0.015401540154015401,0.024866426963271616,0.824999988079071,0.8641974901647925,0.6666666666666666,0.75,0.5706716800546915
77.5,34.13,0.42391304347826086,0.9090909090909091,0.3,0.7620782208588958,0.4879518072289157,0.2994011976047904,0.8960244648318043,0.19900497512437812,0.4300847457627119,0.4983922829581994,0.3276955602536998,0.017065479502875163,0.006911217437533227,0.11428571428571428,0.08196721311475409,0.008888888888888889,0.11235955056179775,0.006427423674343867,0.014301430143014302,0.013710138109479485,0.824999988079071,0.8641974901647925,0.6666666666666666,0.75,0.5491368996752691
77.515994,34.005809,0.1358695652173913,0.7613636363636364,0.24,0.7775115030674846,0.17771084337349397,0.0998003992015968,0.8868501529051988,0.46766169154228854,0.21398305084745764,0.17363344051446947,0.10782241014799154,0.005564830272676683,0.003721424774056353,0.08571428571428572,0.09016393442622951,0.0025730994152046785,0.08426966292134831,0.00856989823245849,0.005225522552255226,0.023723915454148325,0.949999988079071,0.0,0.6666666666666666,0.0,0.8256708254999146
77.27,33.08,0.11684782608695653,0.625,0.22,0.69670245398773,0.09337349397590361,0.11976047904191617,0.7706422018348624,0.4228855721393035,0.21398305084745764,0.1157556270096463,0.11839323467230443,0.03320348729363754,0.013290802764486975,0.2,0.03278688524590164,0.0152046783625731,0.1797752808988764,0.03160149973219068,0.014576457645764576,0.06529117241842804,0.824999988079071,0.8641974901647925,0.6666666666666666,0.75,0.8555802426935567
75.75,32.98,0.6195652173913043,0.5,0.28,0.5249233128834356,0.5421686746987951,0.5389221556886228,0.5840978593272171,0.7860696517412935,0.6165254237288136,0.6109324758842444,0.5454545454545454,0.2429975885735485,0.10260499734183945,0.7428571428571429,0.10655737704918032,0.1160233918128655,0.8426966292134831,0.241028387787895,0.10176017601760176,0.3564635908464666,0.8500000238418579,0.8888888234791309,1.0,0.25,0.3445564860707571
78.3,33.07,0.16576086956521738,0.8409090909090909,0.3,0.7126150306748467,0.18373493975903615,0.13373253493013973,0.8409785932721713,0.47512437810945274,0.23516949152542374,0.18971061093247588,0.1543340380549683,0.024114264514932295,0.011695906432748537,0.17142857142857143,0.06557377049180328,0.011929824561403509,0.14606741573033707,0.026245313336904125,0.01155115511551155,0.03138546322121039,0.949999988079071,0.0,0.6666666666666666,0.0,0.8154161681763801
75.23,34.15,0.25,0.2840909090909091,0.04,0.8392446319018405,0.25,0.21357285429141717,0.7859327217125383,0.25870646766169153,0.3241525423728814,0.31511254019292606,0.1733615221987315,0.10165089964756074,0.03721424774056353,0.4857142857142857,0.04918032786885246,0.04678362573099415,0.38764044943820225,0.07391537225495447,0.03712871287128713,0.21509459323229949,0.949999988079071,0.0,0.6666666666666666,0.0,0.6424542813194326
